SCHOOL YEAR,DATE OF REPORT,COUNTY,STATE DISTRICT ID,DISTRICT NAME,SUBGROUP CODE,SUBGROUP NAME,PK12 TOTAL,GRADE 9,GRADE 10,GRADE 11,GRADE 12
2020-21,1/11/2021,NEW YORK,307500010000,NYC SPEC SCHOOLS - DIST 75,02,Female,6352,273,287,356,1294
2020-21,1/11/2021,NEW YORK,307500010000,NYC SPEC SCHOOLS - DIST 75,03,Male,17911,785,685,731,2958
2020-21,1/11/2021,NEW YORK,310100010000,NYC GEOG DIST # 1 - MANHATTAN,02,Female,5333,436,422,416,360
2020-21,1/11/2021,NEW YORK,310100010000,NYC GEOG DIST # 1 - MANHATTAN,03,Male,5770,390,457,398,397
2020-21,1/11/2021,NEW YORK,310200010000,NYC GEOG DIST # 2 - MANHATTAN,02,Female,31419,5001,4716,4651,4100
2020-21,1/11/2021,NEW YORK,310200010000,NYC GEOG DIST # 2 - MANHATTAN,03,Male,28826,4178,4230,3855,3546
2020-21,1/11/2021,NEW YORK,310300010000,NYC GEOG DIST # 3 - MANHATTAN,02,Female,11379,1198,1502,1278,1287
2020-21,1/11/2021,NEW YORK,310300010000,NYC GEOG DIST # 3 - MANHATTAN,03,Male,9660,831,964,810,846
2020-21,1/11/2021,NEW YORK,310400010000,NYC GEOG DIST # 4 - MANHATTAN,02,Female,6380,505,530,486,499
2020-21,1/11/2021,NEW YORK,310400010000,NYC GEOG DIST # 4 - MANHATTAN,03,Male,5892,396,382,408,391
2020-21,1/11/2021,NEW YORK,310500010000,NYC GEOG DIST # 5 - MANHATTAN,02,Female,4625,379,369,356,356
2020-21,1/11/2021,NEW YORK,310500010000,NYC GEOG DIST # 5 - MANHATTAN,03,Male,5303,521,484,375,381
2020-21,1/11/2021,NEW YORK,310600010000,NYC GEOG DIST # 6 - MANHATTAN,02,Female,10054,746,626,581,639
2020-21,1/11/2021,NEW YORK,310600010000,NYC GEOG DIST # 6 - MANHATTAN,03,Male,10399,908,682,563,610
2020-21,1/11/2021,BRONX,320700010000,NYC GEOG DIST # 7 - BRONX,02,Female,8394,759,801,699,605
2020-21,1/11/2021,BRONX,320700010000,NYC GEOG DIST # 7 - BRONX,03,Male,9396,970,1005,797,714
2020-21,1/11/2021,BRONX,320800010000,NYC GEOG DIST # 8 - BRONX,02,Female,12498,807,873,743,687
2020-21,1/11/2021,BRONX,320800010000,NYC GEOG DIST # 8 - BRONX,03,Male,13025,898,974,788,733
2020-21,1/11/2021,BRONX,320900010000,NYC GEOG DIST # 9 - BRONX,02,Female,15298,1010,1084,935,911
2020-21,1/11/2021,BRONX,320900010000,NYC GEOG DIST # 9 - BRONX,03,Male,15493,1080,1083,889,854
2020-21,1/11/2021,BRONX,321000010000,NYC GEOG DIST #10 - BRONX,02,Female,24681,1962,1872,1775,1659
2020-21,1/11/2021,BRONX,321000010000,NYC GEOG DIST #10 - BRONX,03,Male,25561,2100,2056,1826,1748
2020-21,1/11/2021,BRONX,321100010000,NYC GEOG DIST #11 - BRONX,02,Female,17132,1063,991,891,870
2020-21,1/11/2021,BRONX,321100010000,NYC GEOG DIST #11 - BRONX,03,Male,18622,1358,1334,1067,975
2020-21,1/11/2021,BRONX,321200010000,NYC GEOG DIST #12 - BRONX,02,Female,9453,513,618,543,571
2020-21,1/11/2021,BRONX,321200010000,NYC GEOG DIST #12 - BRONX,03,Male,9833,632,731,676,554
2020-21,1/11/2021,KINGS,331300010000,NYC GEOG DIST #13 - BROOKLYN,02,Female,9821,1341,1406,1246,1167
2020-21,1/11/2021,KINGS,331300010000,NYC GEOG DIST #13 - BROOKLYN,03,Male,10905,1539,1643,1575,1605
2020-21,1/11/2021,KINGS,331400010000,NYC GEOG DIST #14 - BROOKLYN,02,Female,8483,721,713,673,610
2020-21,1/11/2021,KINGS,331400010000,NYC GEOG DIST #14 - BROOKLYN,03,Male,9134,927,867,792,735
2020-21,1/11/2021,KINGS,331500010000,NYC GEOG DIST #15 - BROOKLYN,02,Female,15513,793,924,837,767
2020-21,1/11/2021,KINGS,331500010000,NYC GEOG DIST #15 - BROOKLYN,03,Male,15461,709,874,722,681
2020-21,1/11/2021,KINGS,331600010000,NYC GEOG DIST #16 - BROOKLYN,02,Female,2919,150,145,191,156
2020-21,1/11/2021,KINGS,331600010000,NYC GEOG DIST #16 - BROOKLYN,03,Male,3212,239,260,247,261
2020-21,1/11/2021,KINGS,331700010000,NYC GEOG DIST #17 - BROOKLYN,02,Female,10292,1066,951,934,938
2020-21,1/11/2021,KINGS,331700010000,NYC GEOG DIST #17 - BROOKLYN,03,Male,10026,934,899,811,869
2020-21,1/11/2021,KINGS,331800010000,NYC GEOG DIST #18 - BROOKLYN,02,Female,6046,382,341,352,386
2020-21,1/11/2021,KINGS,331800010000,NYC GEOG DIST #18 - BROOKLYN,03,Male,6546,472,544,404,474
2020-21,1/11/2021,KINGS,331900010000,NYC GEOG DIST #19 - BROOKLYN,02,Female,9845,608,624,547,492
2020-21,1/11/2021,KINGS,331900010000,NYC GEOG DIST #19 - BROOKLYN,03,Male,10953,1024,888,701,660
2020-21,1/11/2021,KINGS,332000010000,NYC GEOG DIST #20 - BROOKLYN,02,Female,25212,1662,1597,1367,1351
2020-21,1/11/2021,KINGS,332000010000,NYC GEOG DIST #20 - BROOKLYN,03,Male,27169,2090,2040,1610,1468
2020-21,1/11/2021,KINGS,332100010000,NYC GEOG DIST #21 - BROOKLYN,02,Female,17437,1597,1537,1223,1170
2020-21,1/11/2021,KINGS,332100010000,NYC GEOG DIST #21 - BROOKLYN,03,Male,18326,1647,1710,1219,1237
2020-21,1/11/2021,KINGS,332200010000,NYC GEOG DIST #22 - BROOKLYN,02,Female,16503,1333,1320,1269,1258
2020-21,1/11/2021,KINGS,332200010000,NYC GEOG DIST #22 - BROOKLYN,03,Male,16922,1317,1380,1223,1136
2020-21,1/11/2021,KINGS,332300010000,NYC GEOG DIST #23 - BROOKLYN,02,Female,3683,126,114,104,101
2020-21,1/11/2021,KINGS,332300010000,NYC GEOG DIST #23 - BROOKLYN,03,Male,4459,252,227,234,202
2020-21,1/11/2021,KINGS,333200010000,NYC GEOG DIST #32 - BROOKLYN,02,Female,5419,269,351,277,247
2020-21,1/11/2021,KINGS,333200010000,NYC GEOG DIST #32 - BROOKLYN,03,Male,5719,397,324,343,319
2020-21,1/11/2021,QUEENS,342400010000,NYC GEOG DIST #24 - QUEENS,02,Female,26521,1446,1514,1300,1505
2020-21,1/11/2021,QUEENS,342400010000,NYC GEOG DIST #24 - QUEENS,03,Male,29036,2121,2033,1742,1796
2020-21,1/11/2021,QUEENS,342500010000,NYC GEOG DIST #25 - QUEENS,02,Female,18299,1198,1326,1281,1081
2020-21,1/11/2021,QUEENS,342500010000,NYC GEOG DIST #25 - QUEENS,03,Male,19165,1206,1379,1151,1034
2020-21,1/11/2021,QUEENS,342600010000,NYC GEOG DIST #26 - QUEENS,02,Female,15493,1851,1646,1584,1515
2020-21,1/11/2021,QUEENS,342600010000,NYC GEOG DIST #26 - QUEENS,03,Male,16217,2041,1790,1598,1444
2020-21,1/11/2021,QUEENS,342700010000,NYC GEOG DIST #27  - QUEENS,02,Female,20526,1203,1239,1096,1114
2020-21,1/11/2021,QUEENS,342700010000,NYC GEOG DIST #27  - QUEENS,03,Male,22546,1573,1563,1300,1236
2020-21,1/11/2021,QUEENS,342800010000,NYC GEOG DIST #28 - QUEENS,02,Female,20139,1918,1839,1767,1686
2020-21,1/11/2021,QUEENS,342800010000,NYC GEOG DIST #28 - QUEENS,03,Male,20334,1964,1914,1784,1674
2020-21,1/11/2021,QUEENS,342900010000,NYC GEOG DIST #29 - QUEENS,02,Female,11839,466,443,381,402
2020-21,1/11/2021,QUEENS,342900010000,NYC GEOG DIST #29 - QUEENS,03,Male,12810,569,602,503,517
2020-21,1/11/2021,QUEENS,343000010000,NYC GEOG DIST #30 - QUEENS,02,Female,18801,1333,1231,1097,1126
2020-21,1/11/2021,QUEENS,343000010000,NYC GEOG DIST #30 - QUEENS,03,Male,19046,1501,1325,1092,1089
2020-21,1/11/2021,RICHMOND,353100010000,NYC GEOG DIST #31 - SI,02,Female,30775,2294,2297,2268,2027
2020-21,1/11/2021,RICHMOND,353100010000,NYC GEOG DIST #31 - SI,03,Male,32170,2467,2393,2296,2071
2019-20,6/30/2020,NEW YORK,307500010000,NYC SPEC SCHOOLS - DIST 75,02,Female,6827,155,181,97,109
2019-20,6/30/2020,NEW YORK,307500010000,NYC SPEC SCHOOLS - DIST 75,03,Male,18965,450,366,228,243
2019-20,6/30/2020,NEW YORK,310100010000,NYC GEOG DIST # 1 - MANHATTAN,02,Female,5471,383,427,369,418
2019-20,6/30/2020,NEW YORK,310100010000,NYC GEOG DIST # 1 - MANHATTAN,03,Male,5918,414,429,424,383
2019-20,6/30/2020,NEW YORK,310200010000,NYC GEOG DIST # 2 - MANHATTAN,02,Female,32426,4761,4844,4359,4509
2019-20,6/30/2020,NEW YORK,310200010000,NYC GEOG DIST # 2 - MANHATTAN,03,Male,29895,4196,4177,3665,3692
2019-20,6/30/2020,NEW YORK,310300010000,NYC GEOG DIST # 3 - MANHATTAN,02,Female,12231,1549,1309,1344,1261
2019-20,6/30/2020,NEW YORK,310300010000,NYC GEOG DIST # 3 - MANHATTAN,03,Male,10227,920,873,887,794
2019-20,6/30/2020,NEW YORK,310400010000,NYC GEOG DIST # 4 - MANHATTAN,02,Female,6701,518,493,503,486
2019-20,6/30/2020,NEW YORK,310400010000,NYC GEOG DIST # 4 - MANHATTAN,03,Male,6281,382,425,398,403
2019-20,6/30/2020,NEW YORK,310500010000,NYC GEOG DIST # 5 - MANHATTAN,02,Female,5167,411,397,368,418
2019-20,6/30/2020,NEW YORK,310500010000,NYC GEOG DIST # 5 - MANHATTAN,03,Male,5722,588,434,394,392
2019-20,6/30/2020,NEW YORK,310600010000,NYC GEOG DIST # 6 - MANHATTAN,02,Female,10675,687,697,633,619
2019-20,6/30/2020,NEW YORK,310600010000,NYC GEOG DIST # 6 - MANHATTAN,03,Male,10896,781,719,596,539
2019-20,6/30/2020,BRONX,320700010000,NYC GEOG DIST # 7 - BRONX,02,Female,8712,746,748,719,702
2019-20,6/30/2020,BRONX,320700010000,NYC GEOG DIST # 7 - BRONX,03,Male,9747,1018,924,841,705
2019-20,6/30/2020,BRONX,320800010000,NYC GEOG DIST # 8 - BRONX,02,Female,13432,939,822,754,672
2019-20,6/30/2020,BRONX,320800010000,NYC GEOG DIST # 8 - BRONX,03,Male,14057,1108,893,776,735
2019-20,6/30/2020,BRONX,320900010000,NYC GEOG DIST # 9 - BRONX,02,Female,16530,1121,1022,933,871
2019-20,6/30/2020,BRONX,320900010000,NYC GEOG DIST # 9 - BRONX,03,Male,16724,1124,1037,832,778
2019-20,6/30/2020,BRONX,321000010000,NYC GEOG DIST #10 - BRONX,02,Female,26436,1964,1924,1741,1678
2019-20,6/30/2020,BRONX,321000010000,NYC GEOG DIST #10 - BRONX,03,Male,27193,2228,2015,1806,1721
2019-20,6/30/2020,BRONX,321100010000,NYC GEOG DIST #11 - BRONX,02,Female,18458,1102,962,889,823
2019-20,6/30/2020,BRONX,321100010000,NYC GEOG DIST #11 - BRONX,03,Male,20216,1517,1272,1002,930
2019-20,6/30/2020,BRONX,321200010000,NYC GEOG DIST #12 - BRONX,02,Female,10302,572,632,587,550
2019-20,6/30/2020,BRONX,321200010000,NYC GEOG DIST #12 - BRONX,03,Male,10829,794,782,573,599
2019-20,6/30/2020,KINGS,331300010000,NYC GEOG DIST #13 - BROOKLYN,02,Female,10016,1394,1290,1184,1211
2019-20,6/30/2020,KINGS,331300010000,NYC GEOG DIST #13 - BROOKLYN,03,Male,11349,1621,1639,1613,1559
2019-20,6/30/2020,KINGS,331400010000,NYC GEOG DIST #14 - BROOKLYN,02,Female,8849,757,696,615,625
2019-20,6/30/2020,KINGS,331400010000,NYC GEOG DIST #14 - BROOKLYN,03,Male,9424,898,875,737,767
2019-20,6/30/2020,KINGS,331500010000,NYC GEOG DIST #15 - BROOKLYN,02,Female,16417,883,923,775,697
2019-20,6/30/2020,KINGS,331500010000,NYC GEOG DIST #15 - BROOKLYN,03,Male,16340,764,841,694,603
2019-20,6/30/2020,KINGS,331600010000,NYC GEOG DIST #16 - BROOKLYN,02,Female,3109,155,169,133,221
2019-20,6/30/2020,KINGS,331600010000,NYC GEOG DIST #16 - BROOKLYN,03,Male,3419,281,215,195,291
2019-20,6/30/2020,KINGS,331700010000,NYC GEOG DIST #17 - BROOKLYN,02,Female,10775,1004,984,876,887
2019-20,6/30/2020,KINGS,331700010000,NYC GEOG DIST #17 - BROOKLYN,03,Male,10528,899,864,776,828
2019-20,6/30/2020,KINGS,331800010000,NYC GEOG DIST #18 - BROOKLYN,02,Female,6676,367,387,398,455
2019-20,6/30/2020,KINGS,331800010000,NYC GEOG DIST #18 - BROOKLYN,03,Male,7239,546,507,475,533
2019-20,6/30/2020,KINGS,331900010000,NYC GEOG DIST #19 - BROOKLYN,02,Female,10667,642,614,519,488
2019-20,6/30/2020,KINGS,331900010000,NYC GEOG DIST #19 - BROOKLYN,03,Male,11602,962,846,659,572
2019-20,6/30/2020,KINGS,332000010000,NYC GEOG DIST #20 - BROOKLYN,02,Female,25927,1650,1615,1305,1335
2019-20,6/30/2020,KINGS,332000010000,NYC GEOG DIST #20 - BROOKLYN,03,Male,28013,2176,2035,1440,1386
2019-20,6/30/2020,KINGS,332100010000,NYC GEOG DIST #21 - BROOKLYN,02,Female,18070,1569,1448,1132,1224
2019-20,6/30/2020,KINGS,332100010000,NYC GEOG DIST #21 - BROOKLYN,03,Male,18974,1760,1545,1217,1149
2019-20,6/30/2020,KINGS,332200010000,NYC GEOG DIST #22 - BROOKLYN,02,Female,17506,1280,1403,1244,1246
2019-20,6/30/2020,KINGS,332200010000,NYC GEOG DIST #22 - BROOKLYN,03,Male,17787,1338,1446,1125,1105
2019-20,6/30/2020,KINGS,332300010000,NYC GEOG DIST #23 - BROOKLYN,02,Female,4208,114,133,124,131
2019-20,6/30/2020,KINGS,332300010000,NYC GEOG DIST #23 - BROOKLYN,03,Male,5096,251,248,236,246
2019-20,6/30/2020,KINGS,333200010000,NYC GEOG DIST #32 - BROOKLYN,02,Female,5676,357,276,252,273
2019-20,6/30/2020,KINGS,333200010000,NYC GEOG DIST #32 - BROOKLYN,03,Male,5895,318,374,327,258
2019-20,6/30/2020,QUEENS,342400010000,NYC GEOG DIST #24 - QUEENS,02,Female,27940,1666,1449,1418,1388
2019-20,6/30/2020,QUEENS,342400010000,NYC GEOG DIST #24 - QUEENS,03,Male,30701,2214,2086,1725,1758
2019-20,6/30/2020,QUEENS,342500010000,NYC GEOG DIST #25 - QUEENS,02,Female,18947,1378,1356,1186,1129
2019-20,6/30/2020,QUEENS,342500010000,NYC GEOG DIST #25 - QUEENS,03,Male,19686,1446,1323,1095,963
2019-20,6/30/2020,QUEENS,342600010000,NYC GEOG DIST #26 - QUEENS,02,Female,15877,1951,1665,1520,1496
2019-20,6/30/2020,QUEENS,342600010000,NYC GEOG DIST #26 - QUEENS,03,Male,16709,2161,1724,1512,1452
2019-20,6/30/2020,QUEENS,342700010000,NYC GEOG DIST #27  - QUEENS,02,Female,21771,1387,1220,1084,1040
2019-20,6/30/2020,QUEENS,342700010000,NYC GEOG DIST #27  - QUEENS,03,Male,23864,1826,1492,1187,1213
2019-20,6/30/2020,QUEENS,342800010000,NYC GEOG DIST #28 - QUEENS,02,Female,20647,1926,1849,1746,1664
2019-20,6/30/2020,QUEENS,342800010000,NYC GEOG DIST #28 - QUEENS,03,Male,21179,2066,1933,1757,1595
2019-20,6/30/2020,QUEENS,342900010000,NYC GEOG DIST #29 - QUEENS,02,Female,12630,465,417,393,463
2019-20,6/30/2020,QUEENS,342900010000,NYC GEOG DIST #29 - QUEENS,03,Male,13614,661,550,487,534
2019-20,6/30/2020,QUEENS,343000010000,NYC GEOG DIST #30 - QUEENS,02,Female,19734,1278,1191,1200,1217
2019-20,6/30/2020,QUEENS,343000010000,NYC GEOG DIST #30 - QUEENS,03,Male,20128,1492,1299,1130,1130
2019-20,6/30/2020,RICHMOND,353100010000,NYC GEOG DIST #31 - SI,02,Female,31331,2330,2300,2203,1999
2019-20,6/30/2020,RICHMOND,353100010000,NYC GEOG DIST #31 - SI,03,Male,32727,2484,2334,2256,2022
2018-19,6/30/2019,NEW YORK,307500010000,NYC SPEC SCHOOLS - DIST 75,02,Female,6674,173,184,107,116
2018-19,6/30/2019,NEW YORK,307500010000,NYC SPEC SCHOOLS - DIST 75,03,Male,18299,434,372,227,255
2018-19,6/30/2019,NEW YORK,310100010000,NYC GEOG DIST # 1 - MANHATTAN,02,Female,5408,381,419,419,414
2018-19,6/30/2019,NEW YORK,310100010000,NYC GEOG DIST # 1 - MANHATTAN,03,Male,5862,353,479,384,386
2018-19,6/30/2019,NEW YORK,310200010000,NYC GEOG DIST # 2 - MANHATTAN,02,Female,32535,5119,4661,4721,4325
2018-19,6/30/2019,NEW YORK,310200010000,NYC GEOG DIST # 2 - MANHATTAN,03,Male,29867,4335,4221,3802,3523
2018-19,6/30/2019,NEW YORK,310300010000,NYC GEOG DIST # 3 - MANHATTAN,02,Female,12114,1347,1401,1295,1258
2018-19,6/30/2019,NEW YORK,310300010000,NYC GEOG DIST # 3 - MANHATTAN,03,Male,10304,857,944,843,811
2018-19,6/30/2019,NEW YORK,310400010000,NYC GEOG DIST # 4 - MANHATTAN,02,Female,6667,489,527,482,467
2018-19,6/30/2019,NEW YORK,310400010000,NYC GEOG DIST # 4 - MANHATTAN,03,Male,6284,428,401,383,345
2018-19,6/30/2019,NEW YORK,310500010000,NYC GEOG DIST # 5 - MANHATTAN,02,Female,5312,452,444,432,386
2018-19,6/30/2019,NEW YORK,310500010000,NYC GEOG DIST # 5 - MANHATTAN,03,Male,5919,538,515,426,405
2018-19,6/30/2019,NEW YORK,310600010000,NYC GEOG DIST # 6 - MANHATTAN,02,Female,10639,732,718,590,592
2018-19,6/30/2019,NEW YORK,310600010000,NYC GEOG DIST # 6 - MANHATTAN,03,Male,11008,856,793,503,607
2018-19,6/30/2019,BRONX,320700010000,NYC GEOG DIST # 7 - BRONX,02,Female,8984,725,817,712,744
2018-19,6/30/2019,BRONX,320700010000,NYC GEOG DIST # 7 - BRONX,03,Male,10044,979,1049,802,778
2018-19,6/30/2019,BRONX,320800010000,NYC GEOG DIST # 8 - BRONX,02,Female,13436,907,894,737,676
2018-19,6/30/2019,BRONX,320800010000,NYC GEOG DIST # 8 - BRONX,03,Male,14180,1084,960,782,725
2018-19,6/30/2019,BRONX,320900010000,NYC GEOG DIST # 9 - BRONX,02,Female,16957,1102,1080,972,948
2018-19,6/30/2019,BRONX,320900010000,NYC GEOG DIST # 9 - BRONX,03,Male,17235,1103,1064,878,825
2018-19,6/30/2019,BRONX,321000010000,NYC GEOG DIST #10 - BRONX,02,Female,26654,2091,1950,1792,1578
2018-19,6/30/2019,BRONX,321000010000,NYC GEOG DIST #10 - BRONX,03,Male,27761,2205,2108,1868,1722
2018-19,6/30/2019,BRONX,321100010000,NYC GEOG DIST #11 - BRONX,02,Female,18809,1097,993,879,860
2018-19,6/30/2019,BRONX,321100010000,NYC GEOG DIST #11 - BRONX,03,Male,20760,1549,1289,1010,950
2018-19,6/30/2019,BRONX,321200010000,NYC GEOG DIST #12 - BRONX,02,Female,10756,599,682,611,609
2018-19,6/30/2019,BRONX,321200010000,NYC GEOG DIST #12 - BRONX,03,Male,11247,830,739,670,608
2018-19,6/30/2019,KINGS,331300010000,NYC GEOG DIST #13 - BROOKLYN,02,Female,9940,1241,1265,1230,1240
2018-19,6/30/2019,KINGS,331300010000,NYC GEOG DIST #13 - BROOKLYN,03,Male,11323,1663,1739,1565,1436
2018-19,6/30/2019,KINGS,331400010000,NYC GEOG DIST #14 - BROOKLYN,02,Female,8740,718,659,667,576
2018-19,6/30/2019,KINGS,331400010000,NYC GEOG DIST #14 - BROOKLYN,03,Male,9531,920,839,811,785
2018-19,6/30/2019,KINGS,331500010000,NYC GEOG DIST #15 - BROOKLYN,02,Female,16644,934,943,754,742
2018-19,6/30/2019,KINGS,331500010000,NYC GEOG DIST #15 - BROOKLYN,03,Male,16318,755,874,626,632
2018-19,6/30/2019,KINGS,331600010000,NYC GEOG DIST #16 - BROOKLYN,02,Female,3157,186,168,196,210
2018-19,6/30/2019,KINGS,331600010000,NYC GEOG DIST #16 - BROOKLYN,03,Male,3479,224,267,262,297
2018-19,6/30/2019,KINGS,331700010000,NYC GEOG DIST #17 - BROOKLYN,02,Female,10739,977,978,866,786
2018-19,6/30/2019,KINGS,331700010000,NYC GEOG DIST #17 - BROOKLYN,03,Male,10661,863,825,789,890
2018-19,6/30/2019,KINGS,331800010000,NYC GEOG DIST #18 - BROOKLYN,02,Female,7175,399,469,431,446
2018-19,6/30/2019,KINGS,331800010000,NYC GEOG DIST #18 - BROOKLYN,03,Male,7649,590,552,498,527
2018-19,6/30/2019,KINGS,331900010000,NYC GEOG DIST #19 - BROOKLYN,02,Female,10443,638,588,525,488
2018-19,6/30/2019,KINGS,331900010000,NYC GEOG DIST #19 - BROOKLYN,03,Male,11379,942,793,599,547
2018-19,6/30/2019,KINGS,332000010000,NYC GEOG DIST #20 - BROOKLYN,02,Female,25731,1597,1610,1291,1287
2018-19,6/30/2019,KINGS,332000010000,NYC GEOG DIST #20 - BROOKLYN,03,Male,27851,2121,1964,1347,1408
2018-19,6/30/2019,KINGS,332100010000,NYC GEOG DIST #21 - BROOKLYN,02,Female,17914,1552,1415,1241,1211
2018-19,6/30/2019,KINGS,332100010000,NYC GEOG DIST #21 - BROOKLYN,03,Male,18926,1675,1612,1224,1199
2018-19,6/30/2019,KINGS,332200010000,NYC GEOG DIST #22 - BROOKLYN,02,Female,17835,1396,1397,1216,1222
2018-19,6/30/2019,KINGS,332200010000,NYC GEOG DIST #22 - BROOKLYN,03,Male,18031,1466,1433,1053,1098
2018-19,6/30/2019,KINGS,332300010000,NYC GEOG DIST #23 - BROOKLYN,02,Female,4349,120,138,126,153
2018-19,6/30/2019,KINGS,332300010000,NYC GEOG DIST #23 - BROOKLYN,03,Male,5019,235,232,240,262
2018-19,6/30/2019,KINGS,333200010000,NYC GEOG DIST #32 - BROOKLYN,02,Female,5233,247,252,285,264
2018-19,6/30/2019,KINGS,333200010000,NYC GEOG DIST #32 - BROOKLYN,03,Male,5552,316,332,262,288
2018-19,6/30/2019,QUEENS,342400010000,NYC GEOG DIST #24 - QUEENS,02,Female,28276,1533,1585,1319,1396
2018-19,6/30/2019,QUEENS,342400010000,NYC GEOG DIST #24 - QUEENS,03,Male,31295,2289,2112,1640,1853
2018-19,6/30/2019,QUEENS,342500010000,NYC GEOG DIST #25 - QUEENS,02,Female,19004,1468,1282,1251,1125
2018-19,6/30/2019,QUEENS,342500010000,NYC GEOG DIST #25 - QUEENS,03,Male,19700,1433,1241,1115,990
2018-19,6/30/2019,QUEENS,342600010000,NYC GEOG DIST #26 - QUEENS,02,Female,15909,2018,1628,1564,1558
2018-19,6/30/2019,QUEENS,342600010000,NYC GEOG DIST #26 - QUEENS,03,Male,16723,2123,1697,1532,1553
2018-19,6/30/2019,QUEENS,342700010000,NYC GEOG DIST #27  - QUEENS,02,Female,21552,1347,1251,1028,898
2018-19,6/30/2019,QUEENS,342700010000,NYC GEOG DIST #27  - QUEENS,03,Male,23489,1776,1453,1184,1078
2018-19,6/30/2019,QUEENS,342800010000,NYC GEOG DIST #28 - QUEENS,02,Female,20763,1964,1874,1714,1804
2018-19,6/30/2019,QUEENS,342800010000,NYC GEOG DIST #28 - QUEENS,03,Male,21286,2049,1972,1711,1678
2018-19,6/30/2019,QUEENS,342900010000,NYC GEOG DIST #29 - QUEENS,02,Female,12977,416,455,483,504
2018-19,6/30/2019,QUEENS,342900010000,NYC GEOG DIST #29 - QUEENS,03,Male,14019,593,628,563,550
2018-19,6/30/2019,QUEENS,343000010000,NYC GEOG DIST #30 - QUEENS,02,Female,20080,1342,1296,1215,1077
2018-19,6/30/2019,QUEENS,343000010000,NYC GEOG DIST #30 - QUEENS,03,Male,20535,1531,1359,1118,1149
2018-19,6/30/2019,RICHMOND,353100010000,NYC GEOG DIST #31 - SI,02,Female,30435,2448,2259,2180,1886
2018-19,6/30/2019,RICHMOND,353100010000,NYC GEOG DIST #31 - SI,03,Male,31587,2526,2343,2245,1841
2017-18,10/11/2018,NEW YORK,307500010000,NYC SPEC SCHOOLS - DIST 75,02,Female,6502,199,194,87,111
2017-18,10/11/2018,NEW YORK,307500010000,NYC SPEC SCHOOLS - DIST 75,03,Male,17881,466,404,210,247
2017-18,10/11/2018,NEW YORK,310100010000,NYC GEOG DIST # 1 - MANHATTAN,02,Female,5505,336,449,435,415
2017-18,10/11/2018,NEW YORK,310100010000,NYC GEOG DIST # 1 - MANHATTAN,03,Male,5921,368,445,428,367
2017-18,10/11/2018,NEW YORK,310200010000,NYC GEOG DIST # 2 - MANHATTAN,02,Female,32791,4886,5064,4547,4600
2017-18,10/11/2018,NEW YORK,310200010000,NYC GEOG DIST # 2 - MANHATTAN,03,Male,29904,4306,4289,3663,3673
2017-18,10/11/2018,NEW YORK,310300010000,NYC GEOG DIST # 3 - MANHATTAN,02,Female,12084,1414,1352,1298,1216
2017-18,10/11/2018,NEW YORK,310300010000,NYC GEOG DIST # 3 - MANHATTAN,03,Male,10333,912,908,869,792
2017-18,10/11/2018,NEW YORK,310400010000,NYC GEOG DIST # 4 - MANHATTAN,02,Female,6716,524,515,486,485
2017-18,10/11/2018,NEW YORK,310400010000,NYC GEOG DIST # 4 - MANHATTAN,03,Male,6441,415,438,366,373
2017-18,10/11/2018,NEW YORK,310500010000,NYC GEOG DIST # 5 - MANHATTAN,02,Female,5459,474,471,383,409
2017-18,10/11/2018,NEW YORK,310500010000,NYC GEOG DIST # 5 - MANHATTAN,03,Male,6107,568,519,416,437
2017-18,10/11/2018,NEW YORK,310600010000,NYC GEOG DIST # 6 - MANHATTAN,02,Female,11048,752,691,591,576
2017-18,10/11/2018,NEW YORK,310600010000,NYC GEOG DIST # 6 - MANHATTAN,03,Male,11389,844,702,610,620
2017-18,10/11/2018,BRONX,320700010000,NYC GEOG DIST # 7 - BRONX,02,Female,9262,768,883,761,781
2017-18,10/11/2018,BRONX,320700010000,NYC GEOG DIST # 7 - BRONX,03,Male,10348,1133,1003,839,805
2017-18,10/11/2018,BRONX,320800010000,NYC GEOG DIST # 8 - BRONX,02,Female,13717,906,862,810,760
2017-18,10/11/2018,BRONX,320800010000,NYC GEOG DIST # 8 - BRONX,03,Male,14474,1067,946,856,789
2017-18,10/11/2018,BRONX,320900010000,NYC GEOG DIST # 9 - BRONX,02,Female,17428,1172,1088,951,934
2017-18,10/11/2018,BRONX,320900010000,NYC GEOG DIST # 9 - BRONX,03,Male,17950,1178,1117,859,880
2017-18,10/11/2018,BRONX,321000010000,NYC GEOG DIST #10 - BRONX,02,Female,27453,2066,2017,1686,1656
2017-18,10/11/2018,BRONX,321000010000,NYC GEOG DIST #10 - BRONX,03,Male,28692,2359,2216,1856,1701
2017-18,10/11/2018,BRONX,321100010000,NYC GEOG DIST #11 - BRONX,02,Female,19300,1047,985,937,875
2017-18,10/11/2018,BRONX,321100010000,NYC GEOG DIST #11 - BRONX,03,Male,21040,1497,1324,1014,969
2017-18,10/11/2018,BRONX,321200010000,NYC GEOG DIST #12 - BRONX,02,Female,11359,642,742,671,678
2017-18,10/11/2018,BRONX,321200010000,NYC GEOG DIST #12 - BRONX,03,Male,11866,802,796,716,713
2017-18,10/11/2018,KINGS,331300010000,NYC GEOG DIST #13 - BROOKLYN,02,Female,9987,1274,1329,1272,1165
2017-18,10/11/2018,KINGS,331300010000,NYC GEOG DIST #13 - BROOKLYN,03,Male,11282,1747,1732,1468,1410
2017-18,10/11/2018,KINGS,331400010000,NYC GEOG DIST #14 - BROOKLYN,02,Female,8885,736,741,552,640
2017-18,10/11/2018,KINGS,331400010000,NYC GEOG DIST #14 - BROOKLYN,03,Male,9649,964,934,761,846
2017-18,10/11/2018,KINGS,331500010000,NYC GEOG DIST #15 - BROOKLYN,02,Female,16508,857,852,770,764
2017-18,10/11/2018,KINGS,331500010000,NYC GEOG DIST #15 - BROOKLYN,03,Male,16285,737,818,646,656
2017-18,10/11/2018,KINGS,331600010000,NYC GEOG DIST #16 - BROOKLYN,02,Female,3105,169,183,178,192
2017-18,10/11/2018,KINGS,331600010000,NYC GEOG DIST #16 - BROOKLYN,03,Male,3494,280,237,226,320
2017-18,10/11/2018,KINGS,331700010000,NYC GEOG DIST #17 - BROOKLYN,02,Female,10965,1005,943,844,942
2017-18,10/11/2018,KINGS,331700010000,NYC GEOG DIST #17 - BROOKLYN,03,Male,11063,892,913,877,862
2017-18,10/11/2018,KINGS,331800010000,NYC GEOG DIST #18 - BROOKLYN,02,Female,7448,452,482,402,505
2017-18,10/11/2018,KINGS,331800010000,NYC GEOG DIST #18 - BROOKLYN,03,Male,7877,568,599,497,582
2017-18,10/11/2018,KINGS,331900010000,NYC GEOG DIST #19 - BROOKLYN,02,Female,10828,583,674,490,470
2017-18,10/11/2018,KINGS,331900010000,NYC GEOG DIST #19 - BROOKLYN,03,Male,11505,832,774,623,588
2017-18,10/11/2018,KINGS,332000010000,NYC GEOG DIST #20 - BROOKLYN,02,Female,25920,1564,1568,1279,1407
2017-18,10/11/2018,KINGS,332000010000,NYC GEOG DIST #20 - BROOKLYN,03,Male,27847,2005,1890,1399,1528
2017-18,10/11/2018,KINGS,332100010000,NYC GEOG DIST #21 - BROOKLYN,02,Female,17993,1470,1477,1211,1269
2017-18,10/11/2018,KINGS,332100010000,NYC GEOG DIST #21 - BROOKLYN,03,Male,18986,1743,1629,1202,1328
2017-18,10/11/2018,KINGS,332200010000,NYC GEOG DIST #22 - BROOKLYN,02,Female,17774,1386,1325,1218,1141
2017-18,10/11/2018,KINGS,332200010000,NYC GEOG DIST #22 - BROOKLYN,03,Male,18221,1387,1326,1121,1034
2017-18,10/11/2018,KINGS,332300010000,NYC GEOG DIST #23 - BROOKLYN,02,Female,4352,85,141,122,186
2017-18,10/11/2018,KINGS,332300010000,NYC GEOG DIST #23 - BROOKLYN,03,Male,5088,204,239,219,315
2017-18,10/11/2018,KINGS,333200010000,NYC GEOG DIST #32 - BROOKLYN,02,Female,5526,240,282,258,296
2017-18,10/11/2018,KINGS,333200010000,NYC GEOG DIST #32 - BROOKLYN,03,Male,5827,296,288,267,360
2017-18,10/11/2018,QUEENS,342400010000,NYC GEOG DIST #24 - QUEENS,02,Female,28879,1658,1468,1363,1473
2017-18,10/11/2018,QUEENS,342400010000,NYC GEOG DIST #24 - QUEENS,03,Male,31908,2232,2012,1775,1915
2017-18,10/11/2018,QUEENS,342500010000,NYC GEOG DIST #25 - QUEENS,02,Female,19227,1424,1343,1241,1122
2017-18,10/11/2018,QUEENS,342500010000,NYC GEOG DIST #25 - QUEENS,03,Male,19932,1483,1268,1157,1033
2017-18,10/11/2018,QUEENS,342600010000,NYC GEOG DIST #26 - QUEENS,02,Female,15918,1837,1660,1659,1614
2017-18,10/11/2018,QUEENS,342600010000,NYC GEOG DIST #26 - QUEENS,03,Male,16904,2051,1734,1703,1620
2017-18,10/11/2018,QUEENS,342700010000,NYC GEOG DIST #27  - QUEENS,02,Female,21575,1338,1145,920,1072
2017-18,10/11/2018,QUEENS,342700010000,NYC GEOG DIST #27  - QUEENS,03,Male,23353,1668,1429,1117,1190
2017-18,10/11/2018,QUEENS,342800010000,NYC GEOG DIST #28 - QUEENS,02,Female,20907,1913,1868,1809,1855
2017-18,10/11/2018,QUEENS,342800010000,NYC GEOG DIST #28 - QUEENS,03,Male,21412,2011,1931,1717,1731
2017-18,10/11/2018,QUEENS,342900010000,NYC GEOG DIST #29 - QUEENS,02,Female,13474,431,518,498,590
2017-18,10/11/2018,QUEENS,342900010000,NYC GEOG DIST #29 - QUEENS,03,Male,14272,588,608,557,577
2017-18,10/11/2018,QUEENS,343000010000,NYC GEOG DIST #30 - QUEENS,02,Female,20168,1403,1336,1081,1120
2017-18,10/11/2018,QUEENS,343000010000,NYC GEOG DIST #30 - QUEENS,03,Male,20723,1494,1380,1098,1147
2017-18,10/11/2018,RICHMOND,353100010000,NYC GEOG DIST #31 - SI,02,Female,30502,2380,2352,2061,1909
2017-18,10/11/2018,RICHMOND,353100010000,NYC GEOG DIST #31 - SI,03,Male,31729,2521,2386,2101,2021
2016-17,10/2/2017,NEW YORK,307500010000,NYC SPEC SCHOOLS - DIST 75,02,Female,6400,197,192,91,101
2016-17,10/2/2017,NEW YORK,307500010000,NYC SPEC SCHOOLS - DIST 75,03,Male,17469,517,354,207,244
2016-17,10/2/2017,NEW YORK,310100010000,NYC GEOG DIST # 1 - MANHATTAN,02,Female,5672,342,456,388,444
2016-17,10/2/2017,NEW YORK,310100010000,NYC GEOG DIST # 1 - MANHATTAN,03,Male,5899,310,462,392,388
2016-17,10/2/2017,NEW YORK,310200010000,NYC GEOG DIST # 2 - MANHATTAN,02,Female,32845,5388,4930,4723,4352
2016-17,10/2/2017,NEW YORK,310200010000,NYC GEOG DIST # 2 - MANHATTAN,03,Male,29699,4483,4099,3780,3572
2016-17,10/2/2017,NEW YORK,310300010000,NYC GEOG DIST # 3 - MANHATTAN,02,Female,11985,1350,1408,1232,1192
2016-17,10/2/2017,NEW YORK,310300010000,NYC GEOG DIST # 3 - MANHATTAN,03,Male,10384,852,928,850,875
2016-17,10/2/2017,NEW YORK,310400010000,NYC GEOG DIST # 4 - MANHATTAN,02,Female,6874,515,526,494,500
2016-17,10/2/2017,NEW YORK,310400010000,NYC GEOG DIST # 4 - MANHATTAN,03,Male,6616,426,402,386,394
2016-17,10/2/2017,NEW YORK,310500010000,NYC GEOG DIST # 5 - MANHATTAN,02,Female,5610,475,434,410,425
2016-17,10/2/2017,NEW YORK,310500010000,NYC GEOG DIST # 5 - MANHATTAN,03,Male,6220,588,479,440,454
2016-17,10/2/2017,NEW YORK,310600010000,NYC GEOG DIST # 6 - MANHATTAN,02,Female,11415,761,722,577,521
2016-17,10/2/2017,NEW YORK,310600010000,NYC GEOG DIST # 6 - MANHATTAN,03,Male,11878,804,755,632,573
2016-17,10/2/2017,BRONX,320700010000,NYC GEOG DIST # 7 - BRONX,02,Female,9214,825,877,727,747
2016-17,10/2/2017,BRONX,320700010000,NYC GEOG DIST # 7 - BRONX,03,Male,10415,1051,1104,851,844
2016-17,10/2/2017,BRONX,320800010000,NYC GEOG DIST # 8 - BRONX,02,Female,14059,913,908,813,830
2016-17,10/2/2017,BRONX,320800010000,NYC GEOG DIST # 8 - BRONX,03,Male,14669,1080,1038,818,739
2016-17,10/2/2017,BRONX,320900010000,NYC GEOG DIST # 9 - BRONX,02,Female,17774,1121,1122,957,937
2016-17,10/2/2017,BRONX,320900010000,NYC GEOG DIST # 9 - BRONX,03,Male,18423,1170,1070,929,950
2016-17,10/2/2017,BRONX,321000010000,NYC GEOG DIST #10 - BRONX,02,Female,27691,2118,1923,1755,1640
2016-17,10/2/2017,BRONX,321000010000,NYC GEOG DIST #10 - BRONX,03,Male,29101,2397,2171,1868,1718
2016-17,10/2/2017,BRONX,321100010000,NYC GEOG DIST #11 - BRONX,02,Female,19288,1079,1036,895,832
2016-17,10/2/2017,BRONX,321100010000,NYC GEOG DIST #11 - BRONX,03,Male,21128,1468,1395,997,993
2016-17,10/2/2017,BRONX,321200010000,NYC GEOG DIST #12 - BRONX,02,Female,11705,745,815,648,678
2016-17,10/2/2017,BRONX,321200010000,NYC GEOG DIST #12 - BRONX,03,Male,12119,874,831,744,658
2016-17,10/2/2017,KINGS,331300010000,NYC GEOG DIST #13 - BROOKLYN,02,Female,10136,1323,1351,1184,1234
2016-17,10/2/2017,KINGS,331300010000,NYC GEOG DIST #13 - BROOKLYN,03,Male,11130,1745,1613,1391,1360
2016-17,10/2/2017,KINGS,331400010000,NYC GEOG DIST #14 - BROOKLYN,02,Female,9197,729,708,696,652
2016-17,10/2/2017,KINGS,331400010000,NYC GEOG DIST #14 - BROOKLYN,03,Male,10113,991,1012,954,808
2016-17,10/2/2017,KINGS,331500010000,NYC GEOG DIST #15 - BROOKLYN,02,Female,16471,885,871,775,709
2016-17,10/2/2017,KINGS,331500010000,NYC GEOG DIST #15 - BROOKLYN,03,Male,16129,807,762,636,600
2016-17,10/2/2017,KINGS,331600010000,NYC GEOG DIST #16 - BROOKLYN,02,Female,3302,191,199,207,174
2016-17,10/2/2017,KINGS,331600010000,NYC GEOG DIST #16 - BROOKLYN,03,Male,3669,281,248,285,298
2016-17,10/2/2017,KINGS,331700010000,NYC GEOG DIST #17 - BROOKLYN,02,Female,11453,971,949,954,895
2016-17,10/2/2017,KINGS,331700010000,NYC GEOG DIST #17 - BROOKLYN,03,Male,11592,923,968,838,888
2016-17,10/2/2017,KINGS,331800010000,NYC GEOG DIST #18 - BROOKLYN,02,Female,7847,489,505,451,518
2016-17,10/2/2017,KINGS,331800010000,NYC GEOG DIST #18 - BROOKLYN,03,Male,8217,606,609,548,590
2016-17,10/2/2017,KINGS,331900010000,NYC GEOG DIST #19 - BROOKLYN,02,Female,10873,637,596,483,440
2016-17,10/2/2017,KINGS,331900010000,NYC GEOG DIST #19 - BROOKLYN,03,Male,11891,837,781,621,571
2016-17,10/2/2017,KINGS,332000010000,NYC GEOG DIST #20 - BROOKLYN,02,Female,25904,1580,1571,1373,1309
2016-17,10/2/2017,KINGS,332000010000,NYC GEOG DIST #20 - BROOKLYN,03,Male,27916,1937,1963,1452,1513
2016-17,10/2/2017,KINGS,332100010000,NYC GEOG DIST #21 - BROOKLYN,02,Female,17956,1524,1508,1295,1158
2016-17,10/2/2017,KINGS,332100010000,NYC GEOG DIST #21 - BROOKLYN,03,Male,18808,1692,1730,1376,1208
2016-17,10/2/2017,KINGS,332200010000,NYC GEOG DIST #22 - BROOKLYN,02,Female,17766,1336,1298,1125,1144
2016-17,10/2/2017,KINGS,332200010000,NYC GEOG DIST #22 - BROOKLYN,03,Male,18160,1317,1360,1018,1051
2016-17,10/2/2017,KINGS,332300010000,NYC GEOG DIST #23 - BROOKLYN,02,Female,4423,91,131,138,193
2016-17,10/2/2017,KINGS,332300010000,NYC GEOG DIST #23 - BROOKLYN,03,Male,5109,215,247,243,292
2016-17,10/2/2017,KINGS,333200010000,NYC GEOG DIST #32 - BROOKLYN,02,Female,5916,261,318,256,263
2016-17,10/2/2017,KINGS,333200010000,NYC GEOG DIST #32 - BROOKLYN,03,Male,6159,291,347,280,287
2016-17,10/2/2017,QUEENS,342400010000,NYC GEOG DIST #24 - QUEENS,02,Female,29016,1544,1533,1391,1354
2016-17,10/2/2017,QUEENS,342400010000,NYC GEOG DIST #24 - QUEENS,03,Male,32196,2170,2122,1737,1778
2016-17,10/2/2017,QUEENS,342500010000,NYC GEOG DIST #25 - QUEENS,02,Female,19065,1431,1398,1218,1070
2016-17,10/2/2017,QUEENS,342500010000,NYC GEOG DIST #25 - QUEENS,03,Male,19646,1468,1286,1156,986
2016-17,10/2/2017,QUEENS,342600010000,NYC GEOG DIST #26 - QUEENS,02,Female,15936,1900,1709,1703,1505
2016-17,10/2/2017,QUEENS,342600010000,NYC GEOG DIST #26 - QUEENS,03,Male,16829,2112,1786,1784,1400
2016-17,10/2/2017,QUEENS,342700010000,NYC GEOG DIST #27  - QUEENS,02,Female,21780,1229,1082,1009,995
2016-17,10/2/2017,QUEENS,342700010000,NYC GEOG DIST #27  - QUEENS,03,Male,23512,1573,1410,1191,1142
2016-17,10/2/2017,QUEENS,342800010000,NYC GEOG DIST #28 - QUEENS,02,Female,20816,1952,1959,1856,1725
2016-17,10/2/2017,QUEENS,342800010000,NYC GEOG DIST #28 - QUEENS,03,Male,21372,2010,1965,1776,1664
2016-17,10/2/2017,QUEENS,342900010000,NYC GEOG DIST #29 - QUEENS,02,Female,13639,473,551,555,486
2016-17,10/2/2017,QUEENS,342900010000,NYC GEOG DIST #29 - QUEENS,03,Male,14414,576,645,566,522
2016-17,10/2/2017,QUEENS,343000010000,NYC GEOG DIST #30 - QUEENS,02,Female,20328,1415,1202,1070,1090
2016-17,10/2/2017,QUEENS,343000010000,NYC GEOG DIST #30 - QUEENS,03,Male,20884,1509,1325,1036,1074
2016-17,10/2/2017,RICHMOND,353100010000,NYC GEOG DIST #31 - SI,02,Female,30488,2477,2256,2026,1830
2016-17,10/2/2017,RICHMOND,353100010000,NYC GEOG DIST #31 - SI,03,Male,32069,2637,2296,2154,1981
